--------------------------------------------------------
--  File created - Thursday-May-30-2019   
--------------------------------------------------------
DROP TABLE "MANAGER"."DEPARTMENT" cascade constraints;
DROP TABLE "MANAGER"."DOCTOR" cascade constraints;
DROP TABLE "MANAGER"."EMPLOYEE" cascade constraints;
DROP TABLE "MANAGER"."EMP_PHONE" cascade constraints;
DROP TABLE "MANAGER"."EXAMINATION" cascade constraints;
DROP TABLE "MANAGER"."INPATIENT" cascade constraints;
DROP TABLE "MANAGER"."MEDICATION" cascade constraints;
DROP TABLE "MANAGER"."NURSE" cascade constraints;
DROP TABLE "MANAGER"."OUTPATIENT" cascade constraints;
DROP TABLE "MANAGER"."PATIENT" cascade constraints;
DROP TABLE "MANAGER"."TREATMENT" cascade constraints;
DROP TABLE "MANAGER"."USES_EXAM" cascade constraints;
DROP TABLE "MANAGER"."USES_TREAT" cascade constraints;
DROP PROCEDURE "MANAGER"."PROCEDURE1";
DROP PROCEDURE "MANAGER"."PROCEDURE2";
DROP PROCEDURE "MANAGER"."PROCEDURE3";
DROP PROCEDURE "MANAGER"."PROCEDURE4";
--------------------------------------------------------
--  DDL for Table DEPARTMENT
--------------------------------------------------------

  CREATE TABLE "MANAGER"."DEPARTMENT" 
   (	"DID" CHAR(5 BYTE), 
	"DTITLE" VARCHAR2(25 BYTE), 
	"EID" VARCHAR2(9 BYTE)
   ) SEGMENT CREATION IMMEDIATE 
  PCTFREE 10 PCTUSED 40 INITRANS 1 MAXTRANS 255 NOCOMPRESS LOGGING
  STORAGE(INITIAL 65536 NEXT 1048576 MINEXTENTS 1 MAXEXTENTS 2147483645
  PCTINCREASE 0 FREELISTS 1 FREELIST GROUPS 1 BUFFER_POOL DEFAULT FLASH_CACHE DEFAULT CELL_FLASH_CACHE DEFAULT)
  TABLESPACE "SYSTEM" ;
--------------------------------------------------------
--  DDL for Table DOCTOR
--------------------------------------------------------

  CREATE TABLE "MANAGER"."DOCTOR" 
   (	"EID_DOC" CHAR(9 BYTE)
   ) SEGMENT CREATION IMMEDIATE 
  PCTFREE 10 PCTUSED 40 INITRANS 1 MAXTRANS 255 NOCOMPRESS LOGGING
  STORAGE(INITIAL 65536 NEXT 1048576 MINEXTENTS 1 MAXEXTENTS 2147483645
  PCTINCREASE 0 FREELISTS 1 FREELIST GROUPS 1 BUFFER_POOL DEFAULT FLASH_CACHE DEFAULT CELL_FLASH_CACHE DEFAULT)
  TABLESPACE "SYSTEM" ;
--------------------------------------------------------
--  DDL for Table EMPLOYEE
--------------------------------------------------------

  CREATE TABLE "MANAGER"."EMPLOYEE" 
   (	"EID" CHAR(9 BYTE), 
	"EFNAME" VARCHAR2(15 BYTE), 
	"ELNAME" VARCHAR2(15 BYTE), 
	"EDOB" DATE, 
	"ESPECIALTY" VARCHAR2(25 BYTE), 
	"EADDRESS" VARCHAR2(30 BYTE), 
	"ESTARTDATE" DATE, 
	"DID" CHAR(5 BYTE), 
	"EGENRE" CHAR(1 BYTE)
   ) SEGMENT CREATION IMMEDIATE 
  PCTFREE 10 PCTUSED 40 INITRANS 1 MAXTRANS 255 NOCOMPRESS LOGGING
  STORAGE(INITIAL 65536 NEXT 1048576 MINEXTENTS 1 MAXEXTENTS 2147483645
  PCTINCREASE 0 FREELISTS 1 FREELIST GROUPS 1 BUFFER_POOL DEFAULT FLASH_CACHE DEFAULT CELL_FLASH_CACHE DEFAULT)
  TABLESPACE "SYSTEM" ;
--------------------------------------------------------
--  DDL for Table EMP_PHONE
--------------------------------------------------------

  CREATE TABLE "MANAGER"."EMP_PHONE" 
   (	"EID" CHAR(9 BYTE), 
	"EPHONE" CHAR(10 BYTE)
   ) SEGMENT CREATION IMMEDIATE 
  PCTFREE 10 PCTUSED 40 INITRANS 1 MAXTRANS 255 NOCOMPRESS LOGGING
  STORAGE(INITIAL 65536 NEXT 1048576 MINEXTENTS 1 MAXEXTENTS 2147483645
  PCTINCREASE 0 FREELISTS 1 FREELIST GROUPS 1 BUFFER_POOL DEFAULT FLASH_CACHE DEFAULT CELL_FLASH_CACHE DEFAULT)
  TABLESPACE "SYSTEM" ;
--------------------------------------------------------
--  DDL for Table EXAMINATION
--------------------------------------------------------

  CREATE TABLE "MANAGER"."EXAMINATION" 
   (	"EID_DOC" CHAR(9 BYTE), 
	"PID_OUT" CHAR(7 BYTE), 
	"EXID" CHAR(6 BYTE), 
	"EXDATE" DATE, 
	"EXFEE" VARCHAR2(5 BYTE), 
	"EXDIAGNOSIS" VARCHAR2(20 BYTE), 
	"EXSECONDDATE" DATE
   ) SEGMENT CREATION IMMEDIATE 
  PCTFREE 10 PCTUSED 40 INITRANS 1 MAXTRANS 255 NOCOMPRESS LOGGING
  STORAGE(INITIAL 65536 NEXT 1048576 MINEXTENTS 1 MAXEXTENTS 2147483645
  PCTINCREASE 0 FREELISTS 1 FREELIST GROUPS 1 BUFFER_POOL DEFAULT FLASH_CACHE DEFAULT CELL_FLASH_CACHE DEFAULT)
  TABLESPACE "SYSTEM" ;
--------------------------------------------------------
--  DDL for Table INPATIENT
--------------------------------------------------------

  CREATE TABLE "MANAGER"."INPATIENT" 
   (	"PID_IN" CHAR(7 BYTE), 
	"P_ADMISSIONDATE" DATE, 
	"P_DISCHARGEDATE" DATE, 
	"P_DIAGNOSIS" VARCHAR2(30 BYTE), 
	"PFEE" VARCHAR2(5 BYTE), 
	"EID_DOC" CHAR(9 BYTE), 
	"EID_NUR" CHAR(9 BYTE), 
	"PSICKROOM" VARCHAR2(9 BYTE)
   ) SEGMENT CREATION IMMEDIATE 
  PCTFREE 10 PCTUSED 40 INITRANS 1 MAXTRANS 255 NOCOMPRESS LOGGING
  STORAGE(INITIAL 65536 NEXT 1048576 MINEXTENTS 1 MAXEXTENTS 2147483645
  PCTINCREASE 0 FREELISTS 1 FREELIST GROUPS 1 BUFFER_POOL DEFAULT FLASH_CACHE DEFAULT CELL_FLASH_CACHE DEFAULT)
  TABLESPACE "SYSTEM" ;
--------------------------------------------------------
--  DDL for Table MEDICATION
--------------------------------------------------------

  CREATE TABLE "MANAGER"."MEDICATION" 
   (	"MID" CHAR(7 BYTE), 
	"MNAME" VARCHAR2(25 BYTE), 
	"MEFFECTS" VARCHAR2(75 BYTE), 
	"MPRICE" VARCHAR2(4 BYTE)
   ) SEGMENT CREATION IMMEDIATE 
  PCTFREE 10 PCTUSED 40 INITRANS 1 MAXTRANS 255 NOCOMPRESS LOGGING
  STORAGE(INITIAL 65536 NEXT 1048576 MINEXTENTS 1 MAXEXTENTS 2147483645
  PCTINCREASE 0 FREELISTS 1 FREELIST GROUPS 1 BUFFER_POOL DEFAULT FLASH_CACHE DEFAULT CELL_FLASH_CACHE DEFAULT)
  TABLESPACE "SYSTEM" ;
--------------------------------------------------------
--  DDL for Table NURSE
--------------------------------------------------------

  CREATE TABLE "MANAGER"."NURSE" 
   (	"EID_NUR" CHAR(9 BYTE)
   ) SEGMENT CREATION IMMEDIATE 
  PCTFREE 10 PCTUSED 40 INITRANS 1 MAXTRANS 255 NOCOMPRESS LOGGING
  STORAGE(INITIAL 65536 NEXT 1048576 MINEXTENTS 1 MAXEXTENTS 2147483645
  PCTINCREASE 0 FREELISTS 1 FREELIST GROUPS 1 BUFFER_POOL DEFAULT FLASH_CACHE DEFAULT CELL_FLASH_CACHE DEFAULT)
  TABLESPACE "SYSTEM" ;
--------------------------------------------------------
--  DDL for Table OUTPATIENT
--------------------------------------------------------

  CREATE TABLE "MANAGER"."OUTPATIENT" 
   (	"PID_OUT" CHAR(7 BYTE), 
	"EID_DOC" CHAR(9 BYTE)
   ) SEGMENT CREATION IMMEDIATE 
  PCTFREE 10 PCTUSED 40 INITRANS 1 MAXTRANS 255 NOCOMPRESS LOGGING
  STORAGE(INITIAL 65536 NEXT 1048576 MINEXTENTS 1 MAXEXTENTS 2147483645
  PCTINCREASE 0 FREELISTS 1 FREELIST GROUPS 1 BUFFER_POOL DEFAULT FLASH_CACHE DEFAULT CELL_FLASH_CACHE DEFAULT)
  TABLESPACE "SYSTEM" ;
--------------------------------------------------------
--  DDL for Table PATIENT
--------------------------------------------------------

  CREATE TABLE "MANAGER"."PATIENT" 
   (	"PID" CHAR(7 BYTE), 
	"PFNAME" VARCHAR2(15 BYTE), 
	"PLNAME" VARCHAR2(15 BYTE), 
	"PDOB" DATE, 
	"PGENRE" VARCHAR2(20 BYTE), 
	"PPHONE" CHAR(9 BYTE), 
	"PADDRESS" VARCHAR2(30 BYTE)
   ) SEGMENT CREATION IMMEDIATE 
  PCTFREE 10 PCTUSED 40 INITRANS 1 MAXTRANS 255 NOCOMPRESS LOGGING
  STORAGE(INITIAL 65536 NEXT 1048576 MINEXTENTS 1 MAXEXTENTS 2147483645
  PCTINCREASE 0 FREELISTS 1 FREELIST GROUPS 1 BUFFER_POOL DEFAULT FLASH_CACHE DEFAULT CELL_FLASH_CACHE DEFAULT)
  TABLESPACE "SYSTEM" ;
--------------------------------------------------------
--  DDL for Table TREATMENT
--------------------------------------------------------

  CREATE TABLE "MANAGER"."TREATMENT" 
   (	"EID_DOC" CHAR(9 BYTE), 
	"PID_IN" CHAR(7 BYTE), 
	"TRID" CHAR(4 BYTE), 
	"TRSTART" DATE, 
	"TREND" DATE, 
	"TRRESULT" VARCHAR2(25 BYTE)
   ) SEGMENT CREATION IMMEDIATE 
  PCTFREE 10 PCTUSED 40 INITRANS 1 MAXTRANS 255 NOCOMPRESS LOGGING
  STORAGE(INITIAL 65536 NEXT 1048576 MINEXTENTS 1 MAXEXTENTS 2147483645
  PCTINCREASE 0 FREELISTS 1 FREELIST GROUPS 1 BUFFER_POOL DEFAULT FLASH_CACHE DEFAULT CELL_FLASH_CACHE DEFAULT)
  TABLESPACE "SYSTEM" ;
--------------------------------------------------------
--  DDL for Table USES_EXAM
--------------------------------------------------------

  CREATE TABLE "MANAGER"."USES_EXAM" 
   (	"EID_DOC" CHAR(9 BYTE), 
	"PID_OUT" CHAR(7 BYTE), 
	"EXID" CHAR(6 BYTE), 
	"MID" CHAR(7 BYTE)
   ) SEGMENT CREATION IMMEDIATE 
  PCTFREE 10 PCTUSED 40 INITRANS 1 MAXTRANS 255 NOCOMPRESS LOGGING
  STORAGE(INITIAL 65536 NEXT 1048576 MINEXTENTS 1 MAXEXTENTS 2147483645
  PCTINCREASE 0 FREELISTS 1 FREELIST GROUPS 1 BUFFER_POOL DEFAULT FLASH_CACHE DEFAULT CELL_FLASH_CACHE DEFAULT)
  TABLESPACE "SYSTEM" ;
--------------------------------------------------------
--  DDL for Table USES_TREAT
--------------------------------------------------------

  CREATE TABLE "MANAGER"."USES_TREAT" 
   (	"EID_DOC" CHAR(9 BYTE), 
	"PID_IN" CHAR(7 BYTE), 
	"TRID" CHAR(4 BYTE), 
	"MID" CHAR(7 BYTE)
   ) SEGMENT CREATION IMMEDIATE 
  PCTFREE 10 PCTUSED 40 INITRANS 1 MAXTRANS 255 NOCOMPRESS LOGGING
  STORAGE(INITIAL 65536 NEXT 1048576 MINEXTENTS 1 MAXEXTENTS 2147483645
  PCTINCREASE 0 FREELISTS 1 FREELIST GROUPS 1 BUFFER_POOL DEFAULT FLASH_CACHE DEFAULT CELL_FLASH_CACHE DEFAULT)
  TABLESPACE "SYSTEM" ;
REM INSERTING into MANAGER.DEPARTMENT
SET DEFINE OFF;
Insert into MANAGER.DEPARTMENT (DID,DTITLE,EID) values ('12345','Dermatology','123123123');
Insert into MANAGER.DEPARTMENT (DID,DTITLE,EID) values ('22789','Public Health','888665555');
Insert into MANAGER.DEPARTMENT (DID,DTITLE,EID) values ('16340','Physicians Cardiology','333445555');
Insert into MANAGER.DEPARTMENT (DID,DTITLE,EID) values ('45781','Neurology','987987987');
Insert into MANAGER.DEPARTMENT (DID,DTITLE,EID) values ('99887','General Check-up','453453453');
REM INSERTING into MANAGER.DOCTOR
SET DEFINE OFF;
Insert into MANAGER.DOCTOR (EID_DOC) values ('123123123');
Insert into MANAGER.DOCTOR (EID_DOC) values ('165211300');
Insert into MANAGER.DOCTOR (EID_DOC) values ('333445555');
Insert into MANAGER.DOCTOR (EID_DOC) values ('453453453');
Insert into MANAGER.DOCTOR (EID_DOC) values ('888665555');
Insert into MANAGER.DOCTOR (EID_DOC) values ('987987987');
REM INSERTING into MANAGER.EMPLOYEE
SET DEFINE OFF;
Insert into MANAGER.EMPLOYEE (EID,EFNAME,ELNAME,EDOB,ESPECIALTY,EADDRESS,ESTARTDATE,DID,EGENRE) values ('123456789','John','Smith',to_date('09-JAN-65','DD-MON-RR'),'Dermatology','731 Fondren, Houston, TX',to_date('12-NOV-03','DD-MON-RR'),'12345','M');
Insert into MANAGER.EMPLOYEE (EID,EFNAME,ELNAME,EDOB,ESPECIALTY,EADDRESS,ESTARTDATE,DID,EGENRE) values ('333445555','Franklin','Wong',to_date('08-DEC-55','DD-MON-RR'),'Cardiology','638 Voss, Houston, TX',to_date('24-MAY-97','DD-MON-RR'),'16340','M');
Insert into MANAGER.EMPLOYEE (EID,EFNAME,ELNAME,EDOB,ESPECIALTY,EADDRESS,ESTARTDATE,DID,EGENRE) values ('999887777','Alicia','Zelaya',to_date('19-JAN-68','DD-MON-RR'),'Hematology','3321 Castle, Spring, TX',to_date('30-APR-96','DD-MON-RR'),'99887','F');
Insert into MANAGER.EMPLOYEE (EID,EFNAME,ELNAME,EDOB,ESPECIALTY,EADDRESS,ESTARTDATE,DID,EGENRE) values ('987654321','Jenifer','Wallace',to_date('20-JUN-41','DD-MON-RR'),'Dermatology','291 Berry, Bellaire, TX',to_date('10-JUL-00','DD-MON-RR'),'12345','F');
Insert into MANAGER.EMPLOYEE (EID,EFNAME,ELNAME,EDOB,ESPECIALTY,EADDRESS,ESTARTDATE,DID,EGENRE) values ('666884444','Ramesh','Narayan',to_date('15-SEP-62','DD-MON-RR'),'Neurology','975 Fire Oak, Humble, TX',to_date('03-MAR-03','DD-MON-RR'),'45781','M');
Insert into MANAGER.EMPLOYEE (EID,EFNAME,ELNAME,EDOB,ESPECIALTY,EADDRESS,ESTARTDATE,DID,EGENRE) values ('453453453','Joyce','English',to_date('31-JUL-72','DD-MON-RR'),'Pathology','5631 Rice, Houston, TX',to_date('31-DEC-96','DD-MON-RR'),'99887','F');
Insert into MANAGER.EMPLOYEE (EID,EFNAME,ELNAME,EDOB,ESPECIALTY,EADDRESS,ESTARTDATE,DID,EGENRE) values ('987987987','Ahmad','Jabbar',to_date('29-MAR-69','DD-MON-RR'),'Neurology','980 Dallas, Houston , TX',to_date('01-SEP-08','DD-MON-RR'),'45781','M');
Insert into MANAGER.EMPLOYEE (EID,EFNAME,ELNAME,EDOB,ESPECIALTY,EADDRESS,ESTARTDATE,DID,EGENRE) values ('888665555','James','Borg',to_date('10-NOV-37','DD-MON-RR'),'Public health','450 Stine , Houston , TX',to_date('17-MAY-09','DD-MON-RR'),'22789','M');
Insert into MANAGER.EMPLOYEE (EID,EFNAME,ELNAME,EDOB,ESPECIALTY,EADDRESS,ESTARTDATE,DID,EGENRE) values ('123123123','Stephen ','King',to_date('19-FEB-59','DD-MON-RR'),'Dermatology','737 Bekka, Chicago, TX',to_date('10-APR-15','DD-MON-RR'),'12345','M');
Insert into MANAGER.EMPLOYEE (EID,EFNAME,ELNAME,EDOB,ESPECIALTY,EADDRESS,ESTARTDATE,DID,EGENRE) values ('165211300','Hercules','Poirot',to_date('26-OCT-74','DD-MON-RR'),'Infectious disease','111 Downing , Spring, TX',to_date('20-AUG-02','DD-MON-RR'),'99887','M');
Insert into MANAGER.EMPLOYEE (EID,EFNAME,ELNAME,EDOB,ESPECIALTY,EADDRESS,ESTARTDATE,DID,EGENRE) values ('165105000','Nice','Satou',to_date('15-DEC-98','DD-MON-RR'),'Cardiology','1254 Zeke, Bellaire, TX',to_date('16-MAR-16','DD-MON-RR'),'16340','M');
REM INSERTING into MANAGER.EMP_PHONE
SET DEFINE OFF;
Insert into MANAGER.EMP_PHONE (EID,EPHONE) values ('123123123','0335934207');
Insert into MANAGER.EMP_PHONE (EID,EPHONE) values ('123123123','0865299523');
Insert into MANAGER.EMP_PHONE (EID,EPHONE) values ('123456789','0339426897');
Insert into MANAGER.EMP_PHONE (EID,EPHONE) values ('123456789','0358968304');
Insert into MANAGER.EMP_PHONE (EID,EPHONE) values ('123456789','0865299523');
Insert into MANAGER.EMP_PHONE (EID,EPHONE) values ('123456789','0865602052');
Insert into MANAGER.EMP_PHONE (EID,EPHONE) values ('123456789','0866742648');
Insert into MANAGER.EMP_PHONE (EID,EPHONE) values ('165105000','0358968304');
Insert into MANAGER.EMP_PHONE (EID,EPHONE) values ('165105000','0379381530');
Insert into MANAGER.EMP_PHONE (EID,EPHONE) values ('165211300','0389911450');
Insert into MANAGER.EMP_PHONE (EID,EPHONE) values ('165211300','0397264908');
Insert into MANAGER.EMP_PHONE (EID,EPHONE) values ('165211300','0866742648');
Insert into MANAGER.EMP_PHONE (EID,EPHONE) values ('333445555','0335934207');
Insert into MANAGER.EMP_PHONE (EID,EPHONE) values ('333445555','0865299523');
Insert into MANAGER.EMP_PHONE (EID,EPHONE) values ('453453453','0865347084');
Insert into MANAGER.EMP_PHONE (EID,EPHONE) values ('453453453','0865509621');
Insert into MANAGER.EMP_PHONE (EID,EPHONE) values ('666884444','0865509621');
Insert into MANAGER.EMP_PHONE (EID,EPHONE) values ('666884444','0867591893');
Insert into MANAGER.EMP_PHONE (EID,EPHONE) values ('888665555','0358968304');
Insert into MANAGER.EMP_PHONE (EID,EPHONE) values ('888665555','0865602052');
Insert into MANAGER.EMP_PHONE (EID,EPHONE) values ('888665555','0865722753');
Insert into MANAGER.EMP_PHONE (EID,EPHONE) values ('888665555','0866742648');
Insert into MANAGER.EMP_PHONE (EID,EPHONE) values ('987654321','0865347084');
Insert into MANAGER.EMP_PHONE (EID,EPHONE) values ('987654321','0866742648');
Insert into MANAGER.EMP_PHONE (EID,EPHONE) values ('987654321','0867527845');
Insert into MANAGER.EMP_PHONE (EID,EPHONE) values ('987987987','0389911450');
Insert into MANAGER.EMP_PHONE (EID,EPHONE) values ('987987987','0867539524');
Insert into MANAGER.EMP_PHONE (EID,EPHONE) values ('999887777','0339426897');
Insert into MANAGER.EMP_PHONE (EID,EPHONE) values ('999887777','0867591893');
REM INSERTING into MANAGER.EXAMINATION
SET DEFINE OFF;
Insert into MANAGER.EXAMINATION (EID_DOC,PID_OUT,EXID,EXDATE,EXFEE,EXDIAGNOSIS,EXSECONDDATE) values ('333445555','OP24513','345679',to_date('12-JUL-17','DD-MON-RR'),'2000','Fatigue',to_date('18-JUL-17','DD-MON-RR'));
Insert into MANAGER.EXAMINATION (EID_DOC,PID_OUT,EXID,EXDATE,EXFEE,EXDIAGNOSIS,EXSECONDDATE) values ('888665555','OP19188','254123',to_date('01-MAR-16','DD-MON-RR'),'15000','Fever',to_date('03-MAR-16','DD-MON-RR'));
Insert into MANAGER.EXAMINATION (EID_DOC,PID_OUT,EXID,EXDATE,EXFEE,EXDIAGNOSIS,EXSECONDDATE) values ('987987987','OP45612','100123',to_date('03-SEP-15','DD-MON-RR'),'20000','Amnesia',to_date('10-MAR-15','DD-MON-RR'));
Insert into MANAGER.EXAMINATION (EID_DOC,PID_OUT,EXID,EXDATE,EXFEE,EXDIAGNOSIS,EXSECONDDATE) values ('165211300','OP98723','874567',to_date('30-AUG-18','DD-MON-RR'),'7000','Whooping cough',to_date('02-SEP-18','DD-MON-RR'));
Insert into MANAGER.EXAMINATION (EID_DOC,PID_OUT,EXID,EXDATE,EXFEE,EXDIAGNOSIS,EXSECONDDATE) values ('333445555','OP12211','994132',to_date('22-FEB-15','DD-MON-RR'),'12000','Tachycardia',to_date('24-FEB-15','DD-MON-RR'));
Insert into MANAGER.EXAMINATION (EID_DOC,PID_OUT,EXID,EXDATE,EXFEE,EXDIAGNOSIS,EXSECONDDATE) values ('888665555','OP38295','167543',to_date('06-JUL-18','DD-MON-RR'),'2500','Headache',to_date('16-JUL-18','DD-MON-RR'));
Insert into MANAGER.EXAMINATION (EID_DOC,PID_OUT,EXID,EXDATE,EXFEE,EXDIAGNOSIS,EXSECONDDATE) values ('333445555','OP45179','187654',to_date('13-APR-14','DD-MON-RR'),'1500','Chest pain',to_date('17-APR-14','DD-MON-RR'));
Insert into MANAGER.EXAMINATION (EID_DOC,PID_OUT,EXID,EXDATE,EXFEE,EXDIAGNOSIS,EXSECONDDATE) values ('987987987','OP45612','987554',to_date('07-JAN-16','DD-MON-RR'),'6000','Migraine',to_date('07-MAR-16','DD-MON-RR'));
Insert into MANAGER.EXAMINATION (EID_DOC,PID_OUT,EXID,EXDATE,EXFEE,EXDIAGNOSIS,EXSECONDDATE) values ('888665555','OP38295','796222',to_date('29-SEP-18','DD-MON-RR'),'5000','Cough',to_date('07-OCT-18','DD-MON-RR'));
Insert into MANAGER.EXAMINATION (EID_DOC,PID_OUT,EXID,EXDATE,EXFEE,EXDIAGNOSIS,EXSECONDDATE) values ('333445555','OP24513','650437',to_date('01-MAY-17','DD-MON-RR'),'12000','Bradycadia',to_date('16-MAY-17','DD-MON-RR'));
REM INSERTING into MANAGER.INPATIENT
SET DEFINE OFF;
Insert into MANAGER.INPATIENT (PID_IN,P_ADMISSIONDATE,P_DISCHARGEDATE,P_DIAGNOSIS,PFEE,EID_DOC,EID_NUR,PSICKROOM) values ('IP40135',to_date('10-APR-18','DD-MON-RR'),to_date('25-SEP-18','DD-MON-RR'),'Tuberculosis ','20000','165211300','123456789','405A4');
Insert into MANAGER.INPATIENT (PID_IN,P_ADMISSIONDATE,P_DISCHARGEDATE,P_DIAGNOSIS,PFEE,EID_DOC,EID_NUR,PSICKROOM) values ('IP30422',to_date('12-JUN-16','DD-MON-RR'),to_date('17-AUG-18','DD-MON-RR'),'Anemia','25000','333445555','999887777','302B4');
Insert into MANAGER.INPATIENT (PID_IN,P_ADMISSIONDATE,P_DISCHARGEDATE,P_DIAGNOSIS,PFEE,EID_DOC,EID_NUR,PSICKROOM) values ('IP11233',to_date('15-JUL-17','DD-MON-RR'),to_date('05-JAN-18','DD-MON-RR'),'Stroke','40000','453453453','987654321','302B1');
Insert into MANAGER.INPATIENT (PID_IN,P_ADMISSIONDATE,P_DISCHARGEDATE,P_DIAGNOSIS,PFEE,EID_DOC,EID_NUR,PSICKROOM) values ('IP66789',to_date('02-MAR-18','DD-MON-RR'),to_date('01-MAY-18','DD-MON-RR'),'Concussion','28000','987987987','666884444','602B3');
Insert into MANAGER.INPATIENT (PID_IN,P_ADMISSIONDATE,P_DISCHARGEDATE,P_DIAGNOSIS,PFEE,EID_DOC,EID_NUR,PSICKROOM) values ('IP90592',to_date('04-JAN-18','DD-MON-RR'),to_date('18-JAN-18','DD-MON-RR'),'Dengue hemorrhagic fever','35000','165211300','123456789','402B4');
Insert into MANAGER.INPATIENT (PID_IN,P_ADMISSIONDATE,P_DISCHARGEDATE,P_DIAGNOSIS,PFEE,EID_DOC,EID_NUR,PSICKROOM) values ('IP87556',to_date('07-AUG-18','DD-MON-RR'),to_date('07-SEP-18','DD-MON-RR'),'Concussion','28000','987987987','999887777','403C6');
Insert into MANAGER.INPATIENT (PID_IN,P_ADMISSIONDATE,P_DISCHARGEDATE,P_DIAGNOSIS,PFEE,EID_DOC,EID_NUR,PSICKROOM) values ('IP69964',to_date('17-JUN-17','DD-MON-RR'),to_date('04-JUL-17','DD-MON-RR'),'Flu','10000','888665555','666884444','304C4');
REM INSERTING into MANAGER.MEDICATION
SET DEFINE OFF;
Insert into MANAGER.MEDICATION (MID,MNAME,MEFFECTS,MPRICE) values ('DB00422','Methylphenidate ','Cure attention-deficit disorders  and narcolepsy','300');
Insert into MANAGER.MEDICATION (MID,MNAME,MEFFECTS,MPRICE) values ('DB00915','Amantadine','Cure amantadine  and also attention-deficit disorders ','600');
Insert into MANAGER.MEDICATION (MID,MNAME,MEFFECTS,MPRICE) values ('DB00316','
Acetaminophen','Used for its antipyretic effects, helping to reduce fever ','350');
Insert into MANAGER.MEDICATION (MID,MNAME,MEFFECTS,MPRICE) values ('DB01050','Ibuprofen','The management of mild to moderate pain ','500');
Insert into MANAGER.MEDICATION (MID,MNAME,MEFFECTS,MPRICE) values ('DB01544','Flunitrazepam','It has powerful hypnotic, sedative, and anxiolytic properties','750');
Insert into MANAGER.MEDICATION (MID,MNAME,MEFFECTS,MPRICE) values ('DB00379','Mexiletine','Antiarrhythmic agent pharmacologically','800');
Insert into MANAGER.MEDICATION (MID,MNAME,MEFFECTS,MPRICE) values ('DB09488','Acrivastine','Preventing the symptoms such as hypotension and tachycardia.','950');
Insert into MANAGER.MEDICATION (MID,MNAME,MEFFECTS,MPRICE) values ('DB01438','Phenazopyridine','A local anesthetic','1200');
Insert into MANAGER.MEDICATION (MID,MNAME,MEFFECTS,MPRICE) values ('DB14042','Galcanezumab','Preventive treatment of migraine ','900');
Insert into MANAGER.MEDICATION (MID,MNAME,MEFFECTS,MPRICE) values ('DB00951','Isoniazid','
Antibacterial agent used primarily as a tuberculostatic','800');
Insert into MANAGER.MEDICATION (MID,MNAME,MEFFECTS,MPRICE) values ('DB00053','Imiglucerase','Cure amenia','300');
Insert into MANAGER.MEDICATION (MID,MNAME,MEFFECTS,MPRICE) values ('DB00580','Valdecoxib','Decrease possible risk of heart attack and stroke','1250');
Insert into MANAGER.MEDICATION (MID,MNAME,MEFFECTS,MPRICE) values ('DB00472','Fluoxetine','Used for cured flu','200');
REM INSERTING into MANAGER.NURSE
SET DEFINE OFF;
Insert into MANAGER.NURSE (EID_NUR) values ('123456789');
Insert into MANAGER.NURSE (EID_NUR) values ('666884444');
Insert into MANAGER.NURSE (EID_NUR) values ('987654321');
Insert into MANAGER.NURSE (EID_NUR) values ('999887777');
REM INSERTING into MANAGER.OUTPATIENT
SET DEFINE OFF;
Insert into MANAGER.OUTPATIENT (PID_OUT,EID_DOC) values ('OP24513','333445555');
Insert into MANAGER.OUTPATIENT (PID_OUT,EID_DOC) values ('OP19188','888665555');
Insert into MANAGER.OUTPATIENT (PID_OUT,EID_DOC) values ('OP45612','987987987');
Insert into MANAGER.OUTPATIENT (PID_OUT,EID_DOC) values ('OP98723','165211300');
Insert into MANAGER.OUTPATIENT (PID_OUT,EID_DOC) values ('OP12211','333445555');
Insert into MANAGER.OUTPATIENT (PID_OUT,EID_DOC) values ('OP38295','888665555');
Insert into MANAGER.OUTPATIENT (PID_OUT,EID_DOC) values ('OP45179','333445555');
REM INSERTING into MANAGER.PATIENT
SET DEFINE OFF;
Insert into MANAGER.PATIENT (PID,PFNAME,PLNAME,PDOB,PGENRE,PPHONE,PADDRESS) values ('OP24513','Wendy','Diaz',to_date('26-MAY-78','DD-MON-RR'),'F','886001370','731 Fondren, Houston, TX');
Insert into MANAGER.PATIENT (PID,PFNAME,PLNAME,PDOB,PGENRE,PPHONE,PADDRESS) values ('OP19188','Aubry ','Bracco',to_date('30-JAN-92','DD-MON-RR'),'F','886001420','245 Castle, Spring, TX');
Insert into MANAGER.PATIENT (PID,PFNAME,PLNAME,PDOB,PGENRE,PPHONE,PADDRESS) values ('OP45612','Joe','Anglim',to_date('15-DEC-99','DD-MON-RR'),'M','886001450','431 Lakewood, Dallas, TX');
Insert into MANAGER.PATIENT (PID,PFNAME,PLNAME,PDOB,PGENRE,PPHONE,PADDRESS) values ('OP98723','Eric','Hafemann',to_date('02-APR-70','DD-MON-RR'),'M','886001570','672 Pankey, Little Rock, AR');
Insert into MANAGER.PATIENT (PID,PFNAME,PLNAME,PDOB,PGENRE,PPHONE,PADDRESS) values ('OP12211','Julia','Carter',to_date('19-AUG-90','DD-MON-RR'),'F','886001820','578 Hedrix, Conway, AR');
Insert into MANAGER.PATIENT (PID,PFNAME,PLNAME,PDOB,PGENRE,PPHONE,PADDRESS) values ('OP38295','David','Wright',to_date('04-AUG-73','DD-MON-RR'),'M','886001930','219 Uptown, Dallas, TX');
Insert into MANAGER.PATIENT (PID,PFNAME,PLNAME,PDOB,PGENRE,PPHONE,PADDRESS) values ('OP45179','Kelley','Wentworth',to_date('15-FEB-64','DD-MON-RR'),'F','886002140','114 Pankey, Little Rock, AR');
Insert into MANAGER.PATIENT (PID,PFNAME,PLNAME,PDOB,PGENRE,PPHONE,PADDRESS) values ('IP40135','Ron','Clark',to_date('27-DEC-71','DD-MON-RR'),'M','886002360','242 Ozark, Benton, AR');
Insert into MANAGER.PATIENT (PID,PFNAME,PLNAME,PDOB,PGENRE,PPHONE,PADDRESS) values ('IP30422','Rick','Devens',to_date('12-AUG-87','DD-MON-RR'),'M','886002370','463 Lakewood, Dallas, TX');
Insert into MANAGER.PATIENT (PID,PFNAME,PLNAME,PDOB,PGENRE,PPHONE,PADDRESS) values ('IP11233','Julie ','Rosenberg',to_date('07-OCT-85','DD-MON-RR'),'F','886002480','520 Voss, Houston, TX');
Insert into MANAGER.PATIENT (PID,PFNAME,PLNAME,PDOB,PGENRE,PPHONE,PADDRESS) values ('IP66789','Gavin','Whitson',to_date('11-DEC-82','DD-MON-RR'),'M','886002490','655 Henry Ford, Tulsa, OK');
Insert into MANAGER.PATIENT (PID,PFNAME,PLNAME,PDOB,PGENRE,PPHONE,PADDRESS) values ('IP90592','Natalie','Cole',to_date('30-AUG-71','DD-MON-RR'),'F','886002520','400 Lakewood, Dallas, TX');
Insert into MANAGER.PATIENT (PID,PFNAME,PLNAME,PDOB,PGENRE,PPHONE,PADDRESS) values ('IP87556','Kara','Kay',to_date('17-MAY-70','DD-MON-RR'),'F','886002610','234 Oak Lawn, Dallas, TX');
Insert into MANAGER.PATIENT (PID,PFNAME,PLNAME,PDOB,PGENRE,PPHONE,PADDRESS) values ('IP69964','Nick','Wilson',to_date('23-NOV-45','DD-MON-RR'),'M','886002740','744 Fondren, Houston, TX');
REM INSERTING into MANAGER.TREATMENT
SET DEFINE OFF;
Insert into MANAGER.TREATMENT (EID_DOC,PID_IN,TRID,TRSTART,TREND,TRRESULT) values ('165211300','IP40135','4321',to_date('11-APR-18','DD-MON-RR'),to_date('15-SEP-18','DD-MON-RR'),'Uncured');
Insert into MANAGER.TREATMENT (EID_DOC,PID_IN,TRID,TRSTART,TREND,TRRESULT) values ('333445555','IP30422','4234',to_date('14-JUN-16','DD-MON-RR'),to_date('17-AUG-16','DD-MON-RR'),'Cured');
Insert into MANAGER.TREATMENT (EID_DOC,PID_IN,TRID,TRSTART,TREND,TRRESULT) values ('453453453','IP11233','6577',to_date('15-JUL-17','DD-MON-RR'),to_date('18-DEC-17','DD-MON-RR'),'Uncured');
Insert into MANAGER.TREATMENT (EID_DOC,PID_IN,TRID,TRSTART,TREND,TRRESULT) values ('987987987','IP66789','1908',to_date('03-MAR-18','DD-MON-RR'),to_date('15-APR-18','DD-MON-RR'),'Uncured');
Insert into MANAGER.TREATMENT (EID_DOC,PID_IN,TRID,TRSTART,TREND,TRRESULT) values ('165211300','IP90592','2303',to_date('05-JAN-18','DD-MON-RR'),to_date('18-JAN-18','DD-MON-RR'),'Cured');
Insert into MANAGER.TREATMENT (EID_DOC,PID_IN,TRID,TRSTART,TREND,TRRESULT) values ('987987987','IP87556','1512',to_date('08-AUG-18','DD-MON-RR'),to_date('19-AUG-18','DD-MON-RR'),'Uncured');
Insert into MANAGER.TREATMENT (EID_DOC,PID_IN,TRID,TRSTART,TREND,TRRESULT) values ('888665555','IP69964','4970',to_date('20-JUN-17','DD-MON-RR'),to_date('03-JUL-17','DD-MON-RR'),'Cured');
Insert into MANAGER.TREATMENT (EID_DOC,PID_IN,TRID,TRSTART,TREND,TRRESULT) values ('165211300','IP40135','2680',to_date('20-SEP-18','DD-MON-RR'),to_date('24-SEP-18','DD-MON-RR'),'Cured');
Insert into MANAGER.TREATMENT (EID_DOC,PID_IN,TRID,TRSTART,TREND,TRRESULT) values ('987987987','IP87556','9652',to_date('21-AUG-18','DD-MON-RR'),to_date('07-SEP-18','DD-MON-RR'),'Cured');
Insert into MANAGER.TREATMENT (EID_DOC,PID_IN,TRID,TRSTART,TREND,TRRESULT) values ('453453453','IP11233','1123',to_date('20-DEC-17','DD-MON-RR'),to_date('04-JAN-18','DD-MON-RR'),'Cured');
Insert into MANAGER.TREATMENT (EID_DOC,PID_IN,TRID,TRSTART,TREND,TRRESULT) values ('987987987','IP66789','2308',to_date('16-APR-18','DD-MON-RR'),to_date('25-APR-18','DD-MON-RR'),'Cured');
REM INSERTING into MANAGER.USES_EXAM
SET DEFINE OFF;
Insert into MANAGER.USES_EXAM (EID_DOC,PID_OUT,EXID,MID) values ('165211300','OP98723','874567','DB00316');
Insert into MANAGER.USES_EXAM (EID_DOC,PID_OUT,EXID,MID) values ('165211300','OP98723','874567','DB00915');
Insert into MANAGER.USES_EXAM (EID_DOC,PID_OUT,EXID,MID) values ('333445555','OP12211','994132','DB00379');
Insert into MANAGER.USES_EXAM (EID_DOC,PID_OUT,EXID,MID) values ('333445555','OP12211','994132','DB09488');
Insert into MANAGER.USES_EXAM (EID_DOC,PID_OUT,EXID,MID) values ('333445555','OP24513','345679','DB00422');
Insert into MANAGER.USES_EXAM (EID_DOC,PID_OUT,EXID,MID) values ('333445555','OP24513','345679','DB00915');
Insert into MANAGER.USES_EXAM (EID_DOC,PID_OUT,EXID,MID) values ('333445555','OP24513','650437','DB00379');
Insert into MANAGER.USES_EXAM (EID_DOC,PID_OUT,EXID,MID) values ('333445555','OP24513','650437','DB09488');
Insert into MANAGER.USES_EXAM (EID_DOC,PID_OUT,EXID,MID) values ('333445555','OP45179','187654','DB01438');
Insert into MANAGER.USES_EXAM (EID_DOC,PID_OUT,EXID,MID) values ('888665555','OP19188','254123','DB00316');
Insert into MANAGER.USES_EXAM (EID_DOC,PID_OUT,EXID,MID) values ('888665555','OP19188','254123','DB00915');
Insert into MANAGER.USES_EXAM (EID_DOC,PID_OUT,EXID,MID) values ('888665555','OP19188','254123','DB01050');
Insert into MANAGER.USES_EXAM (EID_DOC,PID_OUT,EXID,MID) values ('888665555','OP38295','167543','DB00316');
Insert into MANAGER.USES_EXAM (EID_DOC,PID_OUT,EXID,MID) values ('888665555','OP38295','167543','DB01050');
Insert into MANAGER.USES_EXAM (EID_DOC,PID_OUT,EXID,MID) values ('888665555','OP38295','796222','DB00915');
Insert into MANAGER.USES_EXAM (EID_DOC,PID_OUT,EXID,MID) values ('888665555','OP38295','796222','DB01050');
Insert into MANAGER.USES_EXAM (EID_DOC,PID_OUT,EXID,MID) values ('987987987','OP45612','100123','DB01544');
Insert into MANAGER.USES_EXAM (EID_DOC,PID_OUT,EXID,MID) values ('987987987','OP45612','987554','DB14042');
REM INSERTING into MANAGER.USES_TREAT
SET DEFINE OFF;
Insert into MANAGER.USES_TREAT (EID_DOC,PID_IN,TRID,MID) values ('165211300','IP40135','4321','DB00915');
Insert into MANAGER.USES_TREAT (EID_DOC,PID_IN,TRID,MID) values ('165211300','IP40135','2680','DB00951');
Insert into MANAGER.USES_TREAT (EID_DOC,PID_IN,TRID,MID) values ('165211300','IP40135','2680','DB01050');
Insert into MANAGER.USES_TREAT (EID_DOC,PID_IN,TRID,MID) values ('165211300','IP90592','2303','DB00316');
Insert into MANAGER.USES_TREAT (EID_DOC,PID_IN,TRID,MID) values ('333445555','IP30422','4234','DB00053');
Insert into MANAGER.USES_TREAT (EID_DOC,PID_IN,TRID,MID) values ('453453453','IP11233','6577','DB00316');
Insert into MANAGER.USES_TREAT (EID_DOC,PID_IN,TRID,MID) values ('453453453','IP11233','1123','DB00580');
Insert into MANAGER.USES_TREAT (EID_DOC,PID_IN,TRID,MID) values ('453453453','IP11233','6577','DB01050');
Insert into MANAGER.USES_TREAT (EID_DOC,PID_IN,TRID,MID) values ('888665555','IP69964','4970','DB00472');
Insert into MANAGER.USES_TREAT (EID_DOC,PID_IN,TRID,MID) values ('987987987','IP66789','2308','DB01050');
Insert into MANAGER.USES_TREAT (EID_DOC,PID_IN,TRID,MID) values ('987987987','IP66789','1908','DB01438');
Insert into MANAGER.USES_TREAT (EID_DOC,PID_IN,TRID,MID) values ('987987987','IP87556','1512','DB00316');
Insert into MANAGER.USES_TREAT (EID_DOC,PID_IN,TRID,MID) values ('987987987','IP87556','9652','DB01050');
Insert into MANAGER.USES_TREAT (EID_DOC,PID_IN,TRID,MID) values ('987987987','IP87556','9652','DB01438');
--------------------------------------------------------
--  DDL for Index TREATMENT_PK
--------------------------------------------------------

  CREATE UNIQUE INDEX "MANAGER"."TREATMENT_PK" ON "MANAGER"."TREATMENT" ("EID_DOC", "PID_IN", "TRID") 
  PCTFREE 10 INITRANS 2 MAXTRANS 255 COMPUTE STATISTICS 
  STORAGE(INITIAL 65536 NEXT 1048576 MINEXTENTS 1 MAXEXTENTS 2147483645
  PCTINCREASE 0 FREELISTS 1 FREELIST GROUPS 1 BUFFER_POOL DEFAULT FLASH_CACHE DEFAULT CELL_FLASH_CACHE DEFAULT)
  TABLESPACE "SYSTEM" ;
--------------------------------------------------------
--  DDL for Index EMP_PHONE_PK
--------------------------------------------------------

  CREATE UNIQUE INDEX "MANAGER"."EMP_PHONE_PK" ON "MANAGER"."EMP_PHONE" ("EID", "EPHONE") 
  PCTFREE 10 INITRANS 2 MAXTRANS 255 COMPUTE STATISTICS 
  STORAGE(INITIAL 65536 NEXT 1048576 MINEXTENTS 1 MAXEXTENTS 2147483645
  PCTINCREASE 0 FREELISTS 1 FREELIST GROUPS 1 BUFFER_POOL DEFAULT FLASH_CACHE DEFAULT CELL_FLASH_CACHE DEFAULT)
  TABLESPACE "SYSTEM" ;
--------------------------------------------------------
--  DDL for Index INPATIENT_PK
--------------------------------------------------------

  CREATE UNIQUE INDEX "MANAGER"."INPATIENT_PK" ON "MANAGER"."INPATIENT" ("PID_IN") 
  PCTFREE 10 INITRANS 2 MAXTRANS 255 COMPUTE STATISTICS 
  STORAGE(INITIAL 65536 NEXT 1048576 MINEXTENTS 1 MAXEXTENTS 2147483645
  PCTINCREASE 0 FREELISTS 1 FREELIST GROUPS 1 BUFFER_POOL DEFAULT FLASH_CACHE DEFAULT CELL_FLASH_CACHE DEFAULT)
  TABLESPACE "SYSTEM" ;
--------------------------------------------------------
--  DDL for Index NURSE_PK
--------------------------------------------------------

  CREATE UNIQUE INDEX "MANAGER"."NURSE_PK" ON "MANAGER"."NURSE" ("EID_NUR") 
  PCTFREE 10 INITRANS 2 MAXTRANS 255 COMPUTE STATISTICS 
  STORAGE(INITIAL 65536 NEXT 1048576 MINEXTENTS 1 MAXEXTENTS 2147483645
  PCTINCREASE 0 FREELISTS 1 FREELIST GROUPS 1 BUFFER_POOL DEFAULT FLASH_CACHE DEFAULT CELL_FLASH_CACHE DEFAULT)
  TABLESPACE "SYSTEM" ;
--------------------------------------------------------
--  DDL for Index PATIENT_PK
--------------------------------------------------------

  CREATE UNIQUE INDEX "MANAGER"."PATIENT_PK" ON "MANAGER"."PATIENT" ("PID") 
  PCTFREE 10 INITRANS 2 MAXTRANS 255 COMPUTE STATISTICS 
  STORAGE(INITIAL 65536 NEXT 1048576 MINEXTENTS 1 MAXEXTENTS 2147483645
  PCTINCREASE 0 FREELISTS 1 FREELIST GROUPS 1 BUFFER_POOL DEFAULT FLASH_CACHE DEFAULT CELL_FLASH_CACHE DEFAULT)
  TABLESPACE "SYSTEM" ;
--------------------------------------------------------
--  DDL for Index EMPLOYEE_PK
--------------------------------------------------------

  CREATE UNIQUE INDEX "MANAGER"."EMPLOYEE_PK" ON "MANAGER"."EMPLOYEE" ("EID") 
  PCTFREE 10 INITRANS 2 MAXTRANS 255 COMPUTE STATISTICS 
  STORAGE(INITIAL 65536 NEXT 1048576 MINEXTENTS 1 MAXEXTENTS 2147483645
  PCTINCREASE 0 FREELISTS 1 FREELIST GROUPS 1 BUFFER_POOL DEFAULT FLASH_CACHE DEFAULT CELL_FLASH_CACHE DEFAULT)
  TABLESPACE "SYSTEM" ;
--------------------------------------------------------
--  DDL for Index DOCTOR_PK
--------------------------------------------------------

  CREATE UNIQUE INDEX "MANAGER"."DOCTOR_PK" ON "MANAGER"."DOCTOR" ("EID_DOC") 
  PCTFREE 10 INITRANS 2 MAXTRANS 255 COMPUTE STATISTICS 
  STORAGE(INITIAL 65536 NEXT 1048576 MINEXTENTS 1 MAXEXTENTS 2147483645
  PCTINCREASE 0 FREELISTS 1 FREELIST GROUPS 1 BUFFER_POOL DEFAULT FLASH_CACHE DEFAULT CELL_FLASH_CACHE DEFAULT)
  TABLESPACE "SYSTEM" ;
--------------------------------------------------------
--  DDL for Index EXAMINATION_PK
--------------------------------------------------------

  CREATE UNIQUE INDEX "MANAGER"."EXAMINATION_PK" ON "MANAGER"."EXAMINATION" ("EID_DOC", "PID_OUT", "EXID") 
  PCTFREE 10 INITRANS 2 MAXTRANS 255 COMPUTE STATISTICS 
  STORAGE(INITIAL 65536 NEXT 1048576 MINEXTENTS 1 MAXEXTENTS 2147483645
  PCTINCREASE 0 FREELISTS 1 FREELIST GROUPS 1 BUFFER_POOL DEFAULT FLASH_CACHE DEFAULT CELL_FLASH_CACHE DEFAULT)
  TABLESPACE "SYSTEM" ;
--------------------------------------------------------
--  DDL for Index OUTPATIENT_PK
--------------------------------------------------------

  CREATE UNIQUE INDEX "MANAGER"."OUTPATIENT_PK" ON "MANAGER"."OUTPATIENT" ("PID_OUT") 
  PCTFREE 10 INITRANS 2 MAXTRANS 255 COMPUTE STATISTICS 
  STORAGE(INITIAL 65536 NEXT 1048576 MINEXTENTS 1 MAXEXTENTS 2147483645
  PCTINCREASE 0 FREELISTS 1 FREELIST GROUPS 1 BUFFER_POOL DEFAULT FLASH_CACHE DEFAULT CELL_FLASH_CACHE DEFAULT)
  TABLESPACE "SYSTEM" ;
--------------------------------------------------------
--  DDL for Index USES_EXAM_PK
--------------------------------------------------------

  CREATE UNIQUE INDEX "MANAGER"."USES_EXAM_PK" ON "MANAGER"."USES_EXAM" ("EID_DOC", "PID_OUT", "EXID", "MID") 
  PCTFREE 10 INITRANS 2 MAXTRANS 255 COMPUTE STATISTICS 
  STORAGE(INITIAL 65536 NEXT 1048576 MINEXTENTS 1 MAXEXTENTS 2147483645
  PCTINCREASE 0 FREELISTS 1 FREELIST GROUPS 1 BUFFER_POOL DEFAULT FLASH_CACHE DEFAULT CELL_FLASH_CACHE DEFAULT)
  TABLESPACE "SYSTEM" ;
--------------------------------------------------------
--  DDL for Index MEDICATION_PK
--------------------------------------------------------

  CREATE UNIQUE INDEX "MANAGER"."MEDICATION_PK" ON "MANAGER"."MEDICATION" ("MID") 
  PCTFREE 10 INITRANS 2 MAXTRANS 255 COMPUTE STATISTICS 
  STORAGE(INITIAL 65536 NEXT 1048576 MINEXTENTS 1 MAXEXTENTS 2147483645
  PCTINCREASE 0 FREELISTS 1 FREELIST GROUPS 1 BUFFER_POOL DEFAULT FLASH_CACHE DEFAULT CELL_FLASH_CACHE DEFAULT)
  TABLESPACE "SYSTEM" ;
--------------------------------------------------------
--  DDL for Index USES_TREAT_PK
--------------------------------------------------------

  CREATE UNIQUE INDEX "MANAGER"."USES_TREAT_PK" ON "MANAGER"."USES_TREAT" ("EID_DOC", "PID_IN", "MID", "TRID") 
  PCTFREE 10 INITRANS 2 MAXTRANS 255 COMPUTE STATISTICS 
  STORAGE(INITIAL 65536 NEXT 1048576 MINEXTENTS 1 MAXEXTENTS 2147483645
  PCTINCREASE 0 FREELISTS 1 FREELIST GROUPS 1 BUFFER_POOL DEFAULT FLASH_CACHE DEFAULT CELL_FLASH_CACHE DEFAULT)
  TABLESPACE "SYSTEM" ;
--------------------------------------------------------
--  DDL for Index DEPARTMENT_PK
--------------------------------------------------------

  CREATE UNIQUE INDEX "MANAGER"."DEPARTMENT_PK" ON "MANAGER"."DEPARTMENT" ("DID") 
  PCTFREE 10 INITRANS 2 MAXTRANS 255 COMPUTE STATISTICS 
  STORAGE(INITIAL 65536 NEXT 1048576 MINEXTENTS 1 MAXEXTENTS 2147483645
  PCTINCREASE 0 FREELISTS 1 FREELIST GROUPS 1 BUFFER_POOL DEFAULT FLASH_CACHE DEFAULT CELL_FLASH_CACHE DEFAULT)
  TABLESPACE "SYSTEM" ;
--------------------------------------------------------
--  DDL for Procedure PROCEDURE1
--------------------------------------------------------
set define off;

  CREATE OR REPLACE PROCEDURE "MANAGER"."PROCEDURE1" AS 
	start_date DATE := to_date('01/09/2017', 'dd/mm/yyyy');
	increase NUMBER := 1.1;
BEGIN
	UPDATE INPATIENT
	SET PFee = PFee * increase
	WHERE P_ADMISSIONDATE >= start_date;
END;


/
--------------------------------------------------------
--  DDL for Procedure PROCEDURE2
--------------------------------------------------------
set define off;

  CREATE OR REPLACE PROCEDURE "MANAGER"."PROCEDURE2" (CURSORNAME OUT SYS_REFCURSOR) AS
    DOC_ID NUMBER;
BEGIN
    SELECT EID_DOC INTO DOC_ID
    FROM EMPLOYEE, DOCTOR 
    WHERE EID = EID_DOC AND EFNAME = 'Nguyen Van' AND ELNAME = 'A';

    OPEN CURSORNAME FOR
    SELECT *
    FROM ((
        SELECT DISTINCT PID_IN AS PID
        FROM INPATIENT
        WHERE INPATIENT.EID_DOC = DOC_ID
    )
    UNION
    (
        SELECT DISTINCT PID_OUT AS PID
        FROM OUTPATIENT
        WHERE OUTPATIENT.EID_DOC = DOC_ID
    )    
    ) NATURAL JOIN PATIENT;
END;

/
--------------------------------------------------------
--  DDL for Procedure PROCEDURE3
--------------------------------------------------------
set define off;

  CREATE OR REPLACE PROCEDURE "MANAGER"."PROCEDURE3" (patientID IN CHAR, CURSORNAME OUT SYS_REFCURSOR) AS
BEGIN 
    IF INSTR(patientID, 'IP') > 0 THEN
		-- INPATIENT, treatment only
        OPEN CURSORNAME FOR
		SELECT MID, MNAME, MEFFECTS, MPRICE
		FROM Uses_Treat NATURAL JOIN MEDICATION
		WHERE PID_In = patientID;
	ELSE
		-- OUTPATIENT, examination only
        OPEN CURSORNAME FOR
		SELECT MID, MNAME, MEFFECTS, MPRICE
		FROM Uses_Exam NATURAL JOIN MEDICATION
		WHERE PID_Out = patientID;
    END IF;    
END;


/
--------------------------------------------------------
--  DDL for Procedure PROCEDURE4
--------------------------------------------------------
set define off;

  CREATE OR REPLACE PROCEDURE "MANAGER"."PROCEDURE4" (startDate IN DATE, endDate IN DATE, CURSORNAME OUT SYS_REFCURSOR) AS
	
BEGIN
    OPEN CURSORNAME FOR 
SELECT COUNT(CHECK_DATE.PID) AS PATIENT_NUM, DOCTOR.EID_Doc AS EID_DOC
FROM
    (
        (
            (
                SELECT PID, EID_Doc
                FROM (  SELECT EID_Doc, PID_OUT AS PID, ExDate AS SDate
                        FROM EXAMINATION)
                WHERE startDate <= SDate AND SDate <= endDate
            )
                UNION
            (
                SELECT PID, EID_Doc
                FROM ( SELECT EID_Doc, PID_In AS PID, TrStart AS SDate, TrEnd AS EDate
                        FROM TREATMENT)
                WHERE (SDate >= startDate OR EDate >= endDate) AND (SDate <= endDate)
            )
        ) CHECK_DATE
            RIGHT JOIN 
        DOCTOR
            ON
        CHECK_DATE.EID_DOC = DOCTOR.EID_DOC         
    )
GROUP BY DOCTOR.EID_DOC
ORDER BY COUNT(CHECK_DATE.PID) ASC;
END;


/
--------------------------------------------------------
--  Constraints for Table EMPLOYEE
--------------------------------------------------------

  ALTER TABLE "MANAGER"."EMPLOYEE" MODIFY ("EID" NOT NULL ENABLE);
  ALTER TABLE "MANAGER"."EMPLOYEE" ADD CONSTRAINT "EMPLOYEE_PK" PRIMARY KEY ("EID")
  USING INDEX PCTFREE 10 INITRANS 2 MAXTRANS 255 COMPUTE STATISTICS 
  STORAGE(INITIAL 65536 NEXT 1048576 MINEXTENTS 1 MAXEXTENTS 2147483645
  PCTINCREASE 0 FREELISTS 1 FREELIST GROUPS 1 BUFFER_POOL DEFAULT FLASH_CACHE DEFAULT CELL_FLASH_CACHE DEFAULT)
  TABLESPACE "SYSTEM"  ENABLE;
--------------------------------------------------------
--  Constraints for Table EMP_PHONE
--------------------------------------------------------

  ALTER TABLE "MANAGER"."EMP_PHONE" MODIFY ("EID" NOT NULL ENABLE);
  ALTER TABLE "MANAGER"."EMP_PHONE" MODIFY ("EPHONE" NOT NULL ENABLE);
  ALTER TABLE "MANAGER"."EMP_PHONE" ADD CONSTRAINT "EMP_PHONE_PK" PRIMARY KEY ("EID", "EPHONE")
  USING INDEX PCTFREE 10 INITRANS 2 MAXTRANS 255 COMPUTE STATISTICS 
  STORAGE(INITIAL 65536 NEXT 1048576 MINEXTENTS 1 MAXEXTENTS 2147483645
  PCTINCREASE 0 FREELISTS 1 FREELIST GROUPS 1 BUFFER_POOL DEFAULT FLASH_CACHE DEFAULT CELL_FLASH_CACHE DEFAULT)
  TABLESPACE "SYSTEM"  ENABLE;
--------------------------------------------------------
--  Constraints for Table MEDICATION
--------------------------------------------------------

  ALTER TABLE "MANAGER"."MEDICATION" MODIFY ("MID" NOT NULL ENABLE);
  ALTER TABLE "MANAGER"."MEDICATION" ADD CONSTRAINT "MEDICATION_PK" PRIMARY KEY ("MID")
  USING INDEX PCTFREE 10 INITRANS 2 MAXTRANS 255 COMPUTE STATISTICS 
  STORAGE(INITIAL 65536 NEXT 1048576 MINEXTENTS 1 MAXEXTENTS 2147483645
  PCTINCREASE 0 FREELISTS 1 FREELIST GROUPS 1 BUFFER_POOL DEFAULT FLASH_CACHE DEFAULT CELL_FLASH_CACHE DEFAULT)
  TABLESPACE "SYSTEM"  ENABLE;
--------------------------------------------------------
--  Constraints for Table OUTPATIENT
--------------------------------------------------------

  ALTER TABLE "MANAGER"."OUTPATIENT" MODIFY ("PID_OUT" NOT NULL ENABLE);
  ALTER TABLE "MANAGER"."OUTPATIENT" ADD CONSTRAINT "OUTPATIENT_PK" PRIMARY KEY ("PID_OUT")
  USING INDEX PCTFREE 10 INITRANS 2 MAXTRANS 255 COMPUTE STATISTICS 
  STORAGE(INITIAL 65536 NEXT 1048576 MINEXTENTS 1 MAXEXTENTS 2147483645
  PCTINCREASE 0 FREELISTS 1 FREELIST GROUPS 1 BUFFER_POOL DEFAULT FLASH_CACHE DEFAULT CELL_FLASH_CACHE DEFAULT)
  TABLESPACE "SYSTEM"  ENABLE;
--------------------------------------------------------
--  Constraints for Table EXAMINATION
--------------------------------------------------------

  ALTER TABLE "MANAGER"."EXAMINATION" MODIFY ("EID_DOC" NOT NULL ENABLE);
  ALTER TABLE "MANAGER"."EXAMINATION" MODIFY ("PID_OUT" NOT NULL ENABLE);
  ALTER TABLE "MANAGER"."EXAMINATION" MODIFY ("EXID" NOT NULL ENABLE);
  ALTER TABLE "MANAGER"."EXAMINATION" ADD CONSTRAINT "EXAMINATION_PK" PRIMARY KEY ("EID_DOC", "PID_OUT", "EXID")
  USING INDEX PCTFREE 10 INITRANS 2 MAXTRANS 255 COMPUTE STATISTICS 
  STORAGE(INITIAL 65536 NEXT 1048576 MINEXTENTS 1 MAXEXTENTS 2147483645
  PCTINCREASE 0 FREELISTS 1 FREELIST GROUPS 1 BUFFER_POOL DEFAULT FLASH_CACHE DEFAULT CELL_FLASH_CACHE DEFAULT)
  TABLESPACE "SYSTEM"  ENABLE;
--------------------------------------------------------
--  Constraints for Table TREATMENT
--------------------------------------------------------

  ALTER TABLE "MANAGER"."TREATMENT" MODIFY ("EID_DOC" NOT NULL ENABLE);
  ALTER TABLE "MANAGER"."TREATMENT" MODIFY ("PID_IN" NOT NULL ENABLE);
  ALTER TABLE "MANAGER"."TREATMENT" MODIFY ("TRID" NOT NULL ENABLE);
  ALTER TABLE "MANAGER"."TREATMENT" ADD CONSTRAINT "TREATMENT_DATE" CHECK (TRSTART < TREND) ENABLE;
  ALTER TABLE "MANAGER"."TREATMENT" ADD CONSTRAINT "TREATMENT_PK" PRIMARY KEY ("EID_DOC", "PID_IN", "TRID")
  USING INDEX PCTFREE 10 INITRANS 2 MAXTRANS 255 COMPUTE STATISTICS 
  STORAGE(INITIAL 65536 NEXT 1048576 MINEXTENTS 1 MAXEXTENTS 2147483645
  PCTINCREASE 0 FREELISTS 1 FREELIST GROUPS 1 BUFFER_POOL DEFAULT FLASH_CACHE DEFAULT CELL_FLASH_CACHE DEFAULT)
  TABLESPACE "SYSTEM"  ENABLE;
--------------------------------------------------------
--  Constraints for Table DEPARTMENT
--------------------------------------------------------

  ALTER TABLE "MANAGER"."DEPARTMENT" MODIFY ("DID" NOT NULL ENABLE);
  ALTER TABLE "MANAGER"."DEPARTMENT" ADD CONSTRAINT "DEPARTMENT_PK" PRIMARY KEY ("DID")
  USING INDEX PCTFREE 10 INITRANS 2 MAXTRANS 255 COMPUTE STATISTICS 
  STORAGE(INITIAL 65536 NEXT 1048576 MINEXTENTS 1 MAXEXTENTS 2147483645
  PCTINCREASE 0 FREELISTS 1 FREELIST GROUPS 1 BUFFER_POOL DEFAULT FLASH_CACHE DEFAULT CELL_FLASH_CACHE DEFAULT)
  TABLESPACE "SYSTEM"  ENABLE;
--------------------------------------------------------
--  Constraints for Table INPATIENT
--------------------------------------------------------

  ALTER TABLE "MANAGER"."INPATIENT" MODIFY ("PID_IN" NOT NULL ENABLE);
  ALTER TABLE "MANAGER"."INPATIENT" ADD CONSTRAINT "INPATIENT_PK" PRIMARY KEY ("PID_IN")
  USING INDEX PCTFREE 10 INITRANS 2 MAXTRANS 255 COMPUTE STATISTICS 
  STORAGE(INITIAL 65536 NEXT 1048576 MINEXTENTS 1 MAXEXTENTS 2147483645
  PCTINCREASE 0 FREELISTS 1 FREELIST GROUPS 1 BUFFER_POOL DEFAULT FLASH_CACHE DEFAULT CELL_FLASH_CACHE DEFAULT)
  TABLESPACE "SYSTEM"  ENABLE;
--------------------------------------------------------
--  Constraints for Table USES_EXAM
--------------------------------------------------------

  ALTER TABLE "MANAGER"."USES_EXAM" MODIFY ("EID_DOC" NOT NULL ENABLE);
  ALTER TABLE "MANAGER"."USES_EXAM" MODIFY ("PID_OUT" NOT NULL ENABLE);
  ALTER TABLE "MANAGER"."USES_EXAM" MODIFY ("EXID" NOT NULL ENABLE);
  ALTER TABLE "MANAGER"."USES_EXAM" MODIFY ("MID" NOT NULL ENABLE);
  ALTER TABLE "MANAGER"."USES_EXAM" ADD CONSTRAINT "USES_EXAM_PK" PRIMARY KEY ("EID_DOC", "PID_OUT", "EXID", "MID")
  USING INDEX PCTFREE 10 INITRANS 2 MAXTRANS 255 COMPUTE STATISTICS 
  STORAGE(INITIAL 65536 NEXT 1048576 MINEXTENTS 1 MAXEXTENTS 2147483645
  PCTINCREASE 0 FREELISTS 1 FREELIST GROUPS 1 BUFFER_POOL DEFAULT FLASH_CACHE DEFAULT CELL_FLASH_CACHE DEFAULT)
  TABLESPACE "SYSTEM"  ENABLE;
--------------------------------------------------------
--  Constraints for Table USES_TREAT
--------------------------------------------------------

  ALTER TABLE "MANAGER"."USES_TREAT" MODIFY ("EID_DOC" NOT NULL ENABLE);
  ALTER TABLE "MANAGER"."USES_TREAT" MODIFY ("PID_IN" NOT NULL ENABLE);
  ALTER TABLE "MANAGER"."USES_TREAT" MODIFY ("TRID" NOT NULL ENABLE);
  ALTER TABLE "MANAGER"."USES_TREAT" MODIFY ("MID" NOT NULL ENABLE);
  ALTER TABLE "MANAGER"."USES_TREAT" ADD CONSTRAINT "USES_TREAT_PK" PRIMARY KEY ("EID_DOC", "PID_IN", "MID", "TRID")
  USING INDEX PCTFREE 10 INITRANS 2 MAXTRANS 255 COMPUTE STATISTICS 
  STORAGE(INITIAL 65536 NEXT 1048576 MINEXTENTS 1 MAXEXTENTS 2147483645
  PCTINCREASE 0 FREELISTS 1 FREELIST GROUPS 1 BUFFER_POOL DEFAULT FLASH_CACHE DEFAULT CELL_FLASH_CACHE DEFAULT)
  TABLESPACE "SYSTEM"  ENABLE;
--------------------------------------------------------
--  Constraints for Table NURSE
--------------------------------------------------------

  ALTER TABLE "MANAGER"."NURSE" MODIFY ("EID_NUR" NOT NULL ENABLE);
  ALTER TABLE "MANAGER"."NURSE" ADD CONSTRAINT "NURSE_PK" PRIMARY KEY ("EID_NUR")
  USING INDEX PCTFREE 10 INITRANS 2 MAXTRANS 255 COMPUTE STATISTICS 
  STORAGE(INITIAL 65536 NEXT 1048576 MINEXTENTS 1 MAXEXTENTS 2147483645
  PCTINCREASE 0 FREELISTS 1 FREELIST GROUPS 1 BUFFER_POOL DEFAULT FLASH_CACHE DEFAULT CELL_FLASH_CACHE DEFAULT)
  TABLESPACE "SYSTEM"  ENABLE;
--------------------------------------------------------
--  Constraints for Table PATIENT
--------------------------------------------------------

  ALTER TABLE "MANAGER"."PATIENT" MODIFY ("PID" NOT NULL ENABLE);
  ALTER TABLE "MANAGER"."PATIENT" ADD CONSTRAINT "PATIENT_PK" PRIMARY KEY ("PID")
  USING INDEX PCTFREE 10 INITRANS 2 MAXTRANS 255 COMPUTE STATISTICS 
  STORAGE(INITIAL 65536 NEXT 1048576 MINEXTENTS 1 MAXEXTENTS 2147483645
  PCTINCREASE 0 FREELISTS 1 FREELIST GROUPS 1 BUFFER_POOL DEFAULT FLASH_CACHE DEFAULT CELL_FLASH_CACHE DEFAULT)
  TABLESPACE "SYSTEM"  ENABLE;
--------------------------------------------------------
--  Constraints for Table DOCTOR
--------------------------------------------------------

  ALTER TABLE "MANAGER"."DOCTOR" MODIFY ("EID_DOC" NOT NULL ENABLE);
  ALTER TABLE "MANAGER"."DOCTOR" ADD CONSTRAINT "DOCTOR_PK" PRIMARY KEY ("EID_DOC")
  USING INDEX PCTFREE 10 INITRANS 2 MAXTRANS 255 COMPUTE STATISTICS 
  STORAGE(INITIAL 65536 NEXT 1048576 MINEXTENTS 1 MAXEXTENTS 2147483645
  PCTINCREASE 0 FREELISTS 1 FREELIST GROUPS 1 BUFFER_POOL DEFAULT FLASH_CACHE DEFAULT CELL_FLASH_CACHE DEFAULT)
  TABLESPACE "SYSTEM"  ENABLE;
--------------------------------------------------------
--  Ref Constraints for Table DOCTOR
--------------------------------------------------------

  ALTER TABLE "MANAGER"."DOCTOR" ADD CONSTRAINT "DOCTOR_EID_FK" FOREIGN KEY ("EID_DOC")
	  REFERENCES "MANAGER"."EMPLOYEE" ("EID") ENABLE;
--------------------------------------------------------
--  Ref Constraints for Table EMPLOYEE
--------------------------------------------------------

  ALTER TABLE "MANAGER"."EMPLOYEE" ADD CONSTRAINT "EMPLOYEE_DID_FK" FOREIGN KEY ("DID")
	  REFERENCES "MANAGER"."DEPARTMENT" ("DID") ENABLE;
--------------------------------------------------------
--  Ref Constraints for Table EMP_PHONE
--------------------------------------------------------

  ALTER TABLE "MANAGER"."EMP_PHONE" ADD CONSTRAINT "EMPPHONE_EID_FK" FOREIGN KEY ("EID")
	  REFERENCES "MANAGER"."EMPLOYEE" ("EID") ENABLE;
--------------------------------------------------------
--  Ref Constraints for Table EXAMINATION
--------------------------------------------------------

  ALTER TABLE "MANAGER"."EXAMINATION" ADD CONSTRAINT "EXAMINATION_DOC_FK" FOREIGN KEY ("EID_DOC")
	  REFERENCES "MANAGER"."DOCTOR" ("EID_DOC") ENABLE;
  ALTER TABLE "MANAGER"."EXAMINATION" ADD CONSTRAINT "EXAMINATION_PID_FK" FOREIGN KEY ("PID_OUT")
	  REFERENCES "MANAGER"."OUTPATIENT" ("PID_OUT") ENABLE;
--------------------------------------------------------
--  Ref Constraints for Table INPATIENT
--------------------------------------------------------

  ALTER TABLE "MANAGER"."INPATIENT" ADD CONSTRAINT "INPATIENT_DOC_FK" FOREIGN KEY ("EID_DOC")
	  REFERENCES "MANAGER"."DOCTOR" ("EID_DOC") ENABLE;
  ALTER TABLE "MANAGER"."INPATIENT" ADD CONSTRAINT "INPATIENT_NUR_FK" FOREIGN KEY ("EID_NUR")
	  REFERENCES "MANAGER"."NURSE" ("EID_NUR") ENABLE;
  ALTER TABLE "MANAGER"."INPATIENT" ADD CONSTRAINT "INPATIENT_PID_FK" FOREIGN KEY ("PID_IN")
	  REFERENCES "MANAGER"."PATIENT" ("PID") ENABLE;
--------------------------------------------------------
--  Ref Constraints for Table NURSE
--------------------------------------------------------

  ALTER TABLE "MANAGER"."NURSE" ADD CONSTRAINT "NURSE_EID_FK" FOREIGN KEY ("EID_NUR")
	  REFERENCES "MANAGER"."EMPLOYEE" ("EID") ENABLE;
--------------------------------------------------------
--  Ref Constraints for Table OUTPATIENT
--------------------------------------------------------

  ALTER TABLE "MANAGER"."OUTPATIENT" ADD CONSTRAINT "OUTPATIENT_DOC_FK" FOREIGN KEY ("EID_DOC")
	  REFERENCES "MANAGER"."DOCTOR" ("EID_DOC") ENABLE;
  ALTER TABLE "MANAGER"."OUTPATIENT" ADD CONSTRAINT "OUTPATIENT_PID_FK" FOREIGN KEY ("PID_OUT")
	  REFERENCES "MANAGER"."PATIENT" ("PID") ENABLE;
--------------------------------------------------------
--  Ref Constraints for Table TREATMENT
--------------------------------------------------------

  ALTER TABLE "MANAGER"."TREATMENT" ADD CONSTRAINT "TREATMENT_DOC_FK" FOREIGN KEY ("EID_DOC")
	  REFERENCES "MANAGER"."DOCTOR" ("EID_DOC") ENABLE;
  ALTER TABLE "MANAGER"."TREATMENT" ADD CONSTRAINT "TREATMENT_PID_FK" FOREIGN KEY ("PID_IN")
	  REFERENCES "MANAGER"."INPATIENT" ("PID_IN") ENABLE;
--------------------------------------------------------
--  Ref Constraints for Table USES_EXAM
--------------------------------------------------------

  ALTER TABLE "MANAGER"."USES_EXAM" ADD CONSTRAINT "USES_EXAM_FK" FOREIGN KEY ("EID_DOC", "PID_OUT", "EXID")
	  REFERENCES "MANAGER"."EXAMINATION" ("EID_DOC", "PID_OUT", "EXID") ENABLE;
  ALTER TABLE "MANAGER"."USES_EXAM" ADD CONSTRAINT "USES_EXAM_MID" FOREIGN KEY ("MID")
	  REFERENCES "MANAGER"."MEDICATION" ("MID") ENABLE;
--------------------------------------------------------
--  Ref Constraints for Table USES_TREAT
--------------------------------------------------------

  ALTER TABLE "MANAGER"."USES_TREAT" ADD CONSTRAINT "USES_TREAT_FK" FOREIGN KEY ("EID_DOC", "PID_IN", "TRID")
	  REFERENCES "MANAGER"."TREATMENT" ("EID_DOC", "PID_IN", "TRID") ENABLE;
  ALTER TABLE "MANAGER"."USES_TREAT" ADD CONSTRAINT "USES_TREAT_MID" FOREIGN KEY ("MID")
	  REFERENCES "MANAGER"."MEDICATION" ("MID") ENABLE;
